{
  "coarse": {
    "n_4": {
      "t5_baseline": {
        "ari": 0.4236309919173817,
        "v_measure": 0.4605269700507015,
        "avg_entropy": 1.0688415983864652,
        "load_cv": 0.16903245562052133,
        "avg_purity": 0.6533537684817887,
        "per_expert_purity": {
          "0": 0.9926356589147287,
          "1": 0.47421203438395415,
          "2": 0.8389199255121043,
          "3": 0.3097622027534418
        },
        "expert_counts": [
          2580,
          2094,
          3222,
          3196
        ]
      }
    },
    "n_8": {
      "t5_baseline": {
        "ari": 0.3657073971385788,
        "v_measure": 0.4734923665693557,
        "avg_entropy": 1.494171145265731,
        "load_cv": 0.7095682804785358,
        "avg_purity": 0.7837179949513162,
        "per_expert_purity": {
          "0": 0.9986893840104849,
          "1": 0.8473581213307241,
          "2": 0.8150092649783817,
          "3": 0.7140319715808171,
          "4": 1.0,
          "5": 0.9776609724047306,
          "6": 0.8949152542372881,
          "7": 0.5479403409090909
        },
        "expert_counts": [
          763,
          1022,
          3238,
          1126,
          1071,
          761,
          295,
          2816
        ]
      },
      "switch_model": {
        "ari": 0.14429377674920535,
        "v_measure": 0.23414880395458293,
        "avg_entropy": 1.8758001260678092,
        "load_cv": 0.7250331226007665,
        "avg_purity": 0.5437252073566534,
        "per_expert_purity": {
          "0": 0.5972073039742213,
          "1": 0.46971520256718813,
          "2": 0.6053412462908012,
          "3": 0.5095367847411444,
          "4": 0.582089552238806,
          "5": 0.5577854671280277,
          "6": 0.5555555555555556,
          "7": 0.6536267318663407
        },
        "expert_counts": [
          931,
          2493,
          1348,
          3303,
          201,
          1445,
          144,
          1227
        ]
      }
    },
    "n_16": {
      "t5_baseline": {
        "ari": 0.23965660484011053,
        "v_measure": 0.4818346776053425,
        "avg_entropy": 2.203720499079594,
        "load_cv": 0.6188700842304778,
        "avg_purity": 0.826992426974396,
        "per_expert_purity": {
          "0": 0.9986893840104849,
          "1": 0.897891231964484,
          "2": 0.9143610013175231,
          "3": 0.8548951048951049,
          "4": 0.29914529914529914,
          "5": 0.9838274932614556,
          "6": 0.8715083798882681,
          "7": 0.7670454545454546,
          "8": 0.9868421052631579,
          "9": 0.9537037037037037,
          "10": 1.0,
          "11": 1.0,
          "12": 0.8242753623188406,
          "13": 0.9798657718120806,
          "14": 0.9405052974735126,
          "15": 0.9213483146067416
        },
        "expert_counts": [
          763,
          901,
          759,
          572,
          1755,
          742,
          179,
          352,
          304,
          108,
          1062,
          343,
          1104,
          298,
          1227,
          623
        ]
      }
    }
  },
  "fine": {
    "n_4": {
      "t5_baseline": {
        "ari": 0.43526736741996863,
        "v_measure": 0.4725284960701026,
        "avg_entropy": 0.941220697540778,
        "load_cv": 0.16903245562052133,
        "avg_purity": 0.6309051568698161,
        "per_expert_purity": {
          "0": 0.9922480620155039,
          "1": 0.47421203438395415,
          "2": 0.8178150217256362,
          "3": 0.25344180225281604
        },
        "expert_counts": [
          2580,
          2094,
          3222,
          3196
        ]
      }
    },
    "n_8": {
      "t5_baseline": {
        "ari": 0.3762312000580649,
        "v_measure": 0.4803296995216514,
        "avg_entropy": 1.2933470650147392,
        "load_cv": 0.7095682804785358,
        "avg_purity": 0.7628020194734945,
        "per_expert_purity": {
          "0": 0.9986893840104849,
          "1": 0.7054794520547946,
          "2": 0.7940086473131562,
          "3": 0.6989342806394316,
          "4": 1.0,
          "5": 0.9750328515111695,
          "6": 0.8949152542372881,
          "7": 0.5479403409090909
        },
        "expert_counts": [
          763,
          1022,
          3238,
          1126,
          1071,
          761,
          295,
          2816
        ]
      },
      "switch_model": {
        "ari": 0.1557182245332171,
        "v_measure": 0.2429969522612056,
        "avg_entropy": 1.9037577173811542,
        "load_cv": 0.7250331226007665,
        "avg_purity": 0.5315542733501623,
        "per_expert_purity": {
          "0": 0.5370569280343717,
          "1": 0.46770958684316083,
          "2": 0.5986646884272997,
          "3": 0.5095367847411444,
          "4": 0.3880597014925373,
          "5": 0.5453287197231834,
          "6": 0.5347222222222222,
          "7": 0.6495517522412388
        },
        "expert_counts": [
          931,
          2493,
          1348,
          3303,
          201,
          1445,
          144,
          1227
        ]
      }
    },
    "n_16": {
      "t5_baseline": {
        "ari": 0.25118159206515306,
        "v_measure": 0.4984592049940002,
        "avg_entropy": 1.8355571947022125,
        "load_cv": 0.6188700842304778,
        "avg_purity": 0.8056256761630004,
        "per_expert_purity": {
          "0": 0.9986893840104849,
          "1": 0.7513873473917869,
          "2": 0.8972332015810277,
          "3": 0.8461538461538461,
          "4": 0.2712250712250712,
          "5": 0.9838274932614556,
          "6": 0.8715083798882681,
          "7": 0.7670454545454546,
          "8": 0.9210526315789473,
          "9": 0.9537037037037037,
          "10": 1.0,
          "11": 1.0,
          "12": 0.8242753623188406,
          "13": 0.9798657718120806,
          "14": 0.9299103504482478,
          "15": 0.913322632423756
        },
        "expert_counts": [
          763,
          901,
          759,
          572,
          1755,
          742,
          179,
          352,
          304,
          108,
          1062,
          343,
          1104,
          298,
          1227,
          623
        ]
      }
    }
  }
}