{
  "n_8": {
    "t5_baseline": {
      "ari": 0.42058659174670704,
      "v_measure": 0.5008327775064128,
      "avg_entropy": 1.6149965464339666,
      "load_cv": 0.5145454884275354,
      "expert_counts": [
        9766,
        8523,
        12000,
        25683,
        11964,
        22560,
        19113,
        2774
      ]
    },
    "switch_model": {
      "ari": 0.14467812971213928,
      "v_measure": 0.23444200587017042,
      "avg_entropy": 1.8674055379579773,
      "load_cv": 0.7248853464043122,
      "expert_counts": [
        9331,
        25096,
        13935,
        33352,
        2072,
        15194,
        1228,
        12175
      ]
    }
  }
}