{
  "n_8": {
    "t5_baseline": {
      "ari": 0.3366690652832249,
      "v_measure": 0.41077867408653507,
      "avg_entropy": 1.7890666980043597,
      "load_cv": 0.6063484834103796,
      "expert_counts": [
        4682,
        10771,
        7590,
        10016,
        12727,
        12407,
        33385,
        20805
      ]
    },
    "switch_model": {
      "ari": 0.14361256217327759,
      "v_measure": 0.23307222036061603,
      "avg_entropy": 1.871535228478996,
      "load_cv": 0.7253689873563793,
      "expert_counts": [
        111021,
        298366,
        163285,
        393914,
        24483,
        180101,
        14694,
        143009
      ]
    }
  }
}