{
  "coarse": {
    "majority": {
      "accuracy": 0.3462713226757167,
      "macro_f1": 0.10288307173846704,
      "ari": 0.0
    },
    "random": {
      "accuracy": 0.2,
      "macro_f1": 0.0,
      "ari": 0.0
    },
    "word_identity": {
      "accuracy": 0.9760114316334733,
      "macro_f1": 0.9676510314251539,
      "ari": 0.9458971848867331
    },
    "t5_768d": {
      "accuracy": 0.7225328212914174,
      "macro_f1": 0.4681756679495884,
      "ari": 0.32715798227411563
    },
    "t5_pca_8d": {
      "accuracy": 0.7529159596320443,
      "macro_f1": 0.6022365275731608,
      "ari": 0.3465869619086099
    },
    "t5_pca_32d": {
      "accuracy": 0.7560417969098866,
      "macro_f1": 0.6068601419089716,
      "ari": 0.34895272280862977
    },
    "switch_hard": {
      "accuracy": 0.718656783066893,
      "macro_f1": 0.5787569349898972,
      "ari": 0.33410999520997636
    },
    "switch_all_layer_48d": {
      "accuracy": 0.8208984549432884,
      "macro_f1": 0.8008252823672184,
      "ari": 0.44133637973932405
    },
    "switch_all_layer_pca_8d": {
      "accuracy": 0.8071626328480843,
      "macro_f1": 0.65927585434752,
      "ari": 0.4161522491142509
    }
  },
  "fine": {
    "majority": {
      "accuracy": 0.32010359917835135,
      "macro_f1": 0.05388526566780024,
      "ari": 0.0
    },
    "random": {
      "accuracy": 0.1111111111111111,
      "macro_f1": 0.0,
      "ari": 0.0
    },
    "word_identity": {
      "accuracy": 0.968830936858087,
      "macro_f1": 0.8974014743761306,
      "ari": 0.9451699594319323
    },
    "t5_768d": {
      "accuracy": 0.7144592301509333,
      "macro_f1": 0.2635154330798717,
      "ari": 0.3446461695899152
    },
    "t5_pca_8d": {
      "accuracy": 0.7287844958471019,
      "macro_f1": 0.32872894339557607,
      "ari": 0.36069831146884995
    },
    "t5_pca_32d": {
      "accuracy": 0.7326248102170224,
      "macro_f1": 0.3321758767529895,
      "ari": 0.3630948826591782
    },
    "switch_hard": {
      "accuracy": 0.7108153969813343,
      "macro_f1": 0.3692413093217786,
      "ari": 0.3734130580128512
    },
    "switch_all_layer_48d": {
      "accuracy": 0.8188979190854693,
      "macro_f1": 0.45809141054517266,
      "ari": 0.48550947221990587
    },
    "switch_all_layer_pca_8d": {
      "accuracy": 0.7889970527819952,
      "macro_f1": 0.37318486779787613,
      "ari": 0.4554562321421217
    }
  },
  "metadata": {
    "protocol": "COCO train 50k (fit) + validation 5k (eval)",
    "pca_fit": "train only",
    "kmeans_fit": "train only",
    "mapping_fit": "train only",
    "evaluation": "val only",
    "n_clusters": 8,
    "t5_train": 561817,
    "t5_test": 55985
  }
}