{
  "t5_baseline": {
    "ari": 0.30210473214921985,
    "v_measure": 0.45803408620792263,
    "n_samples": 5527
  },
  "switch_base_8": {
    "ari": 0.14361256217327759,
    "v_measure": 0.23307222036061603,
    "n_samples": 1328873
  }
}